user,comments
minrk,21
Carreau,12
willingc,6
serlina,5
consideRatio,5
betatim,4
ellisonbg,4
vilhelmen,3
mgnfcnt,3
tathagata,3
rkdarst,3
yuvipanda,2
huseinzol05,2
mdivk,2
clkao,2
RajeshB61,2
Blackrobe,2
ch-liuzhide,1
bobbychopra,1
divatemangesh,1
dtaniwaki,1
cb1986ster,1
ablekh,1
bmarthi248,1
bitnik,1
Zsailer,1
Smithx10,1
OliverEvans96,1
KeitelDOG,1
JaobsenYc,1
DeoLeung,1
Abhinish13,1
ebauch,1
gerroon,1
emirot,1
engyasin,1
weisong82,1
user919lx,1
tyrsius,1
thongnnguyen,1
tantra35,1
sanjaydatasciencedojo,1
ruhidagdelen,1
robnagler,1
rcthomas,1
pkumar8789,1
mpetroff,1
montao,1
manics,1
knkski,1
kkmann,1
jml6m,1
jcunhafonte,1
hansen-m,1
getitzack,1
francois-travais,1
enricotagliavini,1
00Kai0,1
